ChargeDescription,ChargePeriodStart,ChargePeriodEnd,ProviderName,PublisherName,BillingAccountId,SubAccountId,ChargeCategory,BilledCost,EffectiveCost,BillingCurrency,ResourceId,ResourceType,ServiceName,Tags
Compute Engine N2 Instance Core running,2026-05-01T00:00:00Z,2026-05-01T23:59:59Z,GCP,Google Cloud,01A2B3-C4D5E6-F7G8H9,projeto-finops,Usage,245.8,245.8,USD,Compute Engine N2 Instance Core running,Compute Engine,Compute Engine,"{""environment"": ""production""}"
Cloud Storage Standard Storage,2026-05-02T00:00:00Z,2026-05-02T23:59:59Z,GCP,Google Cloud,01A2B3-C4D5E6-F7G8H9,projeto-finops,Usage,32.45,32.45,USD,Cloud Storage Standard Storage,Cloud Storage,Cloud Storage,"{""environment"": ""production"", ""team"": ""finops""}"
Cloud SQL PostgreSQL Instance,2026-05-03T00:00:00Z,2026-05-03T23:59:59Z,GCP,Google Cloud,01A2B3-C4D5E6-F7G8H9,projeto-finops,Usage,158.3,158.3,USD,Cloud SQL PostgreSQL Instance,Cloud SQL,Cloud SQL,{}
Cloud Functions Invocations,2026-05-04T00:00:00Z,2026-05-04T23:59:59Z,GCP,Google Cloud,01A2B3-C4D5E6-F7G8H9,projeto-finops,Usage,8.2,8.2,USD,Cloud Functions Invocations,Cloud Functions,Cloud Functions,{}
BigQuery Analysis,2026-05-05T00:00:00Z,2026-05-05T23:59:59Z,GCP,Google Cloud,01A2B3-C4D5E6-F7G8H9,projeto-finops,Usage,94.15,94.15,USD,BigQuery Analysis,BigQuery,BigQuery,"{""team"": ""dados""}"
Pub/Sub Message Delivery,2026-05-06T00:00:00Z,2026-05-06T23:59:59Z,GCP,Google Cloud,01A2B3-C4D5E6-F7G8H9,projeto-finops,Usage,5.7,5.7,USD,Pub/Sub Message Delivery,Cloud Pub/Sub,Cloud Pub/Sub,{}
Cloud Run Requests,2026-05-07T00:00:00Z,2026-05-07T23:59:59Z,GCP,Google Cloud,01A2B3-C4D5E6-F7G8H9,projeto-finops,Usage,26.9,26.9,USD,Cloud Run Requests,Cloud Run,Cloud Run,"{""environment"": ""production""}"
Persistent Disk SSD,2026-05-08T00:00:00Z,2026-05-08T23:59:59Z,GCP,Google Cloud,01A2B3-C4D5E6-F7G8H9,projeto-finops,Usage,47.5,47.5,USD,Persistent Disk SSD,Compute Engine,Compute Engine,{}
Compute Engine N2 Instance Core running,2026-05-01T00:00:00Z,2026-05-01T23:59:59Z,GCP,Google Cloud,01A2B3-C4D5E6-F7G8H9,projeto-finops,Tax,19.66,19.66,USD,Compute Engine N2 Instance Core running,Compute Engine,Compute Engine,{}
