lineItem/LineItemDescription,lineItem/UsageStartDate,lineItem/UsageEndDate,bill/PayerAccountId,lineItem/UsageAccountId,bill/BillingEntity,lineItem/UnblendedCost,pricing/publicOnDemandCost,lineItem/CurrencyCode,lineItem/ResourceId,product/ProductName,resourceTags/user:Environment
USE1-LCUUsage,2026-06-01T01:00:00Z,2026-06-01T02:00:00Z,111122223333,444455556666,AWS,10.360733,12.819568,USD,arn:aws:elastic-load-balancing:us-east-1:444455556666:resource/res-00001-01,Amazon Elastic Load Balancing,production
Support Fee,2026-06-01T03:00:00Z,2026-06-01T04:00:00Z,123456789012,234567890123,AWS,7.35789,8.699288,USD,arn:aws:support:us-east-1:234567890123:resource/res-00001-02,AWS Support (Business),staging
USE1-BoxUsage:t3.medium,2026-06-01T06:00:00Z,2026-06-01T07:00:00Z,123456789012,345678901234,AWS,36.680035,46.287833,USD,arn:aws:ec2:us-east-1:345678901234:resource/res-00001-03,Amazon Elastic Compute Cloud,development
USE1-BoxUsage:t3.medium,2026-06-01T09:00:00Z,2026-06-01T10:00:00Z,987654321098,765432109876,AWS,41.056672,51.060089,USD,arn:aws:ec2:us-east-1:765432109876:resource/res-00001-04,Amazon Elastic Compute Cloud,qa
USE1-Request,2026-06-01T13:00:00Z,2026-06-01T14:00:00Z,987654321098,876543210987,AWS,14.280248,16.398934,USD,arn:aws:lambda:us-east-1:876543210987:resource/res-00001-05,AWS Lambda,production
USE1-DataTransfer-Out-Bytes,2026-06-01T16:00:00Z,2026-06-01T17:00:00Z,111122223333,444455556666,AWS,10.623308,11.948223,USD,arn:aws:cloudfront:us-east-1:444455556666:resource/res-00001-06,Amazon CloudFront,staging
USE1-InstanceUsage:db.t3.medium,2026-06-01T19:00:00Z,2026-06-01T20:00:00Z,123456789012,234567890123,AWS,23.172916,28.071557,USD,arn:aws:rds:us-east-1:234567890123:resource/res-00001-07,Amazon Relational Database Service,development
USE1-ReadRequestUnits,2026-06-01T21:00:00Z,2026-06-01T22:00:00Z,123456789012,345678901234,AWS,14.103623,16.465748,USD,arn:aws:dynamodb:us-east-1:345678901234:resource/res-00001-08,Amazon DynamoDB,qa
USE1-TimedStorage-ByteHrs,2026-06-01T22:00:00Z,2026-06-01T23:00:00Z,987654321098,765432109876,AWS,26.497733,33.280129,USD,arn:aws:s3:us-east-1:765432109876:resource/res-00001-09,Amazon Simple Storage Service,production
USE1-TimedStorage-ByteHrs,2026-06-01T23:00:00Z,2026-06-02T00:00:00Z,987654321098,876543210987,AWS Marketplace,27.379117,31.309896,USD,arn:aws:s3:us-east-1:876543210987:resource/res-00001-10,Amazon Simple Storage Service,staging
USE1-TimedStorage-ByteHrs,2026-06-02T01:00:00Z,2026-06-02T02:00:00Z,123456789012,345678901234,AWS,23.800621,28.211286,USD,arn:aws:s3:us-east-1:345678901234:resource/res-00002-01,Amazon Simple Storage Service,staging
USE1-InstanceUsage:db.t3.medium,2026-06-02T03:00:00Z,2026-06-02T04:00:00Z,987654321098,765432109876,AWS,20.447732,23.191097,USD,arn:aws:rds:us-east-1:765432109876:resource/res-00002-02,Amazon Relational Database Service,development
USE1-LCUUsage,2026-06-02T06:00:00Z,2026-06-02T07:00:00Z,987654321098,876543210987,AWS,10.518068,12.078066,USD,arn:aws:elastic-load-balancing:us-east-1:876543210987:resource/res-00002-03,Amazon Elastic Load Balancing,qa
USE1-BoxUsage:t3.medium,2026-06-02T09:00:00Z,2026-06-02T10:00:00Z,111122223333,444455556666,AWS,45.385021,53.565155,USD,arn:aws:ec2:us-east-1:444455556666:resource/res-00002-04,Amazon Elastic Compute Cloud,production
USE1-DataTransfer-Out-Bytes,2026-06-02T13:00:00Z,2026-06-02T14:00:00Z,123456789012,234567890123,AWS,11.15812,13.643918,USD,arn:aws:cloudfront:us-east-1:234567890123:resource/res-00002-05,Amazon CloudFront,staging
Support Fee,2026-06-02T16:00:00Z,2026-06-02T17:00:00Z,123456789012,345678901234,AWS,7.820226,9.738504,USD,arn:aws:support:us-east-1:345678901234:resource/res-00002-06,AWS Support (Business),development
USE1-ReadRequestUnits,2026-06-02T19:00:00Z,2026-06-02T20:00:00Z,987654321098,765432109876,AWS,14.826611,17.384754,USD,arn:aws:dynamodb:us-east-1:765432109876:resource/res-00002-07,Amazon DynamoDB,qa
USE1-Request,2026-06-02T21:00:00Z,2026-06-02T22:00:00Z,987654321098,876543210987,AWS,13.182549,16.080206,USD,arn:aws:lambda:us-east-1:876543210987:resource/res-00002-08,AWS Lambda,production
USE1-TimedStorage-ByteHrs,2026-06-02T22:00:00Z,2026-06-02T23:00:00Z,111122223333,444455556666,AWS,22.505175,25.753596,USD,arn:aws:s3:us-east-1:444455556666:resource/res-00002-09,Amazon Simple Storage Service,staging
USE1-InstanceUsage:db.t3.medium,2026-06-02T23:00:00Z,2026-06-03T00:00:00Z,123456789012,234567890123,AWS,17.357469,21.479349,USD,arn:aws:rds:us-east-1:234567890123:resource/res-00002-10,Amazon Relational Database Service,development
USE1-BoxUsage:t3.medium,2026-06-03T01:00:00Z,2026-06-03T02:00:00Z,987654321098,876543210987,AWS,46.598496,55.245301,USD,arn:aws:ec2:us-east-1:876543210987:resource/res-00003-01,Amazon Elastic Compute Cloud,development
USE1-InstanceUsage:db.t3.medium,2026-06-03T03:00:00Z,2026-06-03T04:00:00Z,111122223333,444455556666,AWS,22.350725,27.574535,USD,arn:aws:rds:us-east-1:444455556666:resource/res-00003-02,Amazon Relational Database Service,qa
USE1-ReadRequestUnits,2026-06-03T06:00:00Z,2026-06-03T07:00:00Z,123456789012,234567890123,AWS,14.139634,16.949068,USD,arn:aws:dynamodb:us-east-1:234567890123:resource/res-00003-03,Amazon DynamoDB,production
USE1-InstanceUsage:db.t3.medium,2026-06-03T09:00:00Z,2026-06-03T10:00:00Z,123456789012,345678901234,AWS,23.724602,27.51606,USD,arn:aws:rds:us-east-1:345678901234:resource/res-00003-04,Amazon Relational Database Service,staging
USE1-DataTransfer-Out-Bytes,2026-06-03T13:00:00Z,2026-06-03T14:00:00Z,987654321098,765432109876,AWS,8.853989,10.44922,USD,arn:aws:cloudfront:us-east-1:765432109876:resource/res-00003-05,Amazon CloudFront,development
USE1-LCUUsage,2026-06-03T16:00:00Z,2026-06-03T17:00:00Z,987654321098,876543210987,AWS,9.594403,11.280989,USD,arn:aws:elastic-load-balancing:us-east-1:876543210987:resource/res-00003-06,Amazon Elastic Load Balancing,qa
USE1-Request,2026-06-03T19:00:00Z,2026-06-03T20:00:00Z,111122223333,444455556666,AWS,17.615367,20.24632,USD,arn:aws:lambda:us-east-1:444455556666:resource/res-00003-07,AWS Lambda,production
Support Fee,2026-06-03T21:00:00Z,2026-06-03T22:00:00Z,123456789012,234567890123,AWS,7.837206,9.063105,USD,arn:aws:support:us-east-1:234567890123:resource/res-00003-08,AWS Support (Business),staging
USE1-Request,2026-06-03T22:00:00Z,2026-06-03T23:00:00Z,123456789012,345678901234,AWS,13.668795,16.626575,USD,arn:aws:lambda:us-east-1:345678901234:resource/res-00003-09,AWS Lambda,development
USE1-TimedStorage-ByteHrs,2026-06-03T23:00:00Z,2026-06-04T00:00:00Z,987654321098,765432109876,AWS,25.191747,31.16096,USD,arn:aws:s3:us-east-1:765432109876:resource/res-00003-10,Amazon Simple Storage Service,qa
Support Fee,2026-06-04T01:00:00Z,2026-06-04T02:00:00Z,123456789012,234567890123,AWS,9.557726,10.883389,USD,arn:aws:support:us-east-1:234567890123:resource/res-00004-01,AWS Support (Business),qa
USE1-Request,2026-06-04T03:00:00Z,2026-06-04T04:00:00Z,123456789012,345678901234,AWS,16.175748,18.398306,USD,arn:aws:lambda:us-east-1:345678901234:resource/res-00004-02,AWS Lambda,production
USE1-ReadRequestUnits,2026-06-04T06:00:00Z,2026-06-04T07:00:00Z,987654321098,765432109876,AWS,14.997802,17.722085,USD,arn:aws:dynamodb:us-east-1:765432109876:resource/res-00004-03,Amazon DynamoDB,staging
USE1-BoxUsage:t3.medium,2026-06-04T09:00:00Z,2026-06-04T10:00:00Z,987654321098,876543210987,AWS,44.03021,51.050561,USD,arn:aws:ec2:us-east-1:876543210987:resource/res-00004-04,Amazon Elastic Compute Cloud,development
USE1-ReadRequestUnits,2026-06-04T13:00:00Z,2026-06-04T14:00:00Z,111122223333,444455556666,AWS,14.828529,17.328578,USD,arn:aws:dynamodb:us-east-1:444455556666:resource/res-00004-05,Amazon DynamoDB,qa
USE1-TimedStorage-ByteHrs,2026-06-04T16:00:00Z,2026-06-04T17:00:00Z,123456789012,234567890123,AWS,23.510211,26.624142,USD,arn:aws:s3:us-east-1:234567890123:resource/res-00004-06,Amazon Simple Storage Service,production
USE1-DataTransfer-Out-Bytes,2026-06-04T19:00:00Z,2026-06-04T20:00:00Z,123456789012,345678901234,AWS,11.928739,15.014696,USD,arn:aws:cloudfront:us-east-1:345678901234:resource/res-00004-07,Amazon CloudFront,staging
USE1-Request,2026-06-04T21:00:00Z,2026-06-04T22:00:00Z,987654321098,765432109876,AWS,17.081377,19.713629,USD,arn:aws:lambda:us-east-1:765432109876:resource/res-00004-08,AWS Lambda,development
USE1-InstanceUsage:db.t3.medium,2026-06-04T22:00:00Z,2026-06-04T23:00:00Z,987654321098,876543210987,AWS,26.088047,32.246637,USD,arn:aws:rds:us-east-1:876543210987:resource/res-00004-09,Amazon Relational Database Service,qa
USE1-LCUUsage,2026-06-04T23:00:00Z,2026-06-05T00:00:00Z,111122223333,444455556666,AWS,11.740652,13.879177,USD,arn:aws:elastic-load-balancing:us-east-1:444455556666:resource/res-00004-10,Amazon Elastic Load Balancing,production
USE1-BoxUsage:t3.medium,2026-06-05T01:00:00Z,2026-06-05T02:00:00Z,987654321098,765432109876,AWS,47.602338,54.312217,USD,arn:aws:ec2:us-east-1:765432109876:resource/res-00005-01,Amazon Elastic Compute Cloud,production
USE1-LCUUsage,2026-06-05T03:00:00Z,2026-06-05T04:00:00Z,987654321098,876543210987,AWS,11.668451,14.382721,USD,arn:aws:elastic-load-balancing:us-east-1:876543210987:resource/res-00005-02,Amazon Elastic Load Balancing,staging
USE1-ReadRequestUnits,2026-06-05T06:00:00Z,2026-06-05T07:00:00Z,111122223333,444455556666,AWS,14.992512,17.682913,USD,arn:aws:dynamodb:us-east-1:444455556666:resource/res-00005-03,Amazon DynamoDB,development
USE1-DataTransfer-Out-Bytes,2026-06-05T09:00:00Z,2026-06-05T10:00:00Z,123456789012,234567890123,AWS,11.075303,13.330512,USD,arn:aws:cloudfront:us-east-1:234567890123:resource/res-00005-04,Amazon CloudFront,qa
USE1-Request,2026-06-05T13:00:00Z,2026-06-05T14:00:00Z,123456789012,345678901234,AWS,17.018891,19.191329,USD,arn:aws:lambda:us-east-1:345678901234:resource/res-00005-05,AWS Lambda,production
USE1-DataTransfer-Out-Bytes,2026-06-05T16:00:00Z,2026-06-05T17:00:00Z,987654321098,765432109876,AWS,11.020169,12.359999,USD,arn:aws:cloudfront:us-east-1:765432109876:resource/res-00005-06,Amazon CloudFront,staging
USE1-TimedStorage-ByteHrs,2026-06-05T19:00:00Z,2026-06-05T20:00:00Z,987654321098,876543210987,AWS,26.542609,30.888412,USD,arn:aws:s3:us-east-1:876543210987:resource/res-00005-07,Amazon Simple Storage Service,development
USE1-InstanceUsage:db.t3.medium,2026-06-05T21:00:00Z,2026-06-05T22:00:00Z,111122223333,444455556666,AWS,21.07143,23.818216,USD,arn:aws:rds:us-east-1:444455556666:resource/res-00005-08,Amazon Relational Database Service,qa
USE1-ReadRequestUnits,2026-06-05T22:00:00Z,2026-06-05T23:00:00Z,123456789012,234567890123,AWS,14.828408,16.905221,USD,arn:aws:dynamodb:us-east-1:234567890123:resource/res-00005-09,Amazon DynamoDB,production
Support Fee,2026-06-05T23:00:00Z,2026-06-06T00:00:00Z,123456789012,345678901234,AWS,10.470577,12.597491,USD,arn:aws:support:us-east-1:345678901234:resource/res-00005-10,AWS Support (Business),staging
USE1-LCUUsage,2026-06-06T01:00:00Z,2026-06-06T02:00:00Z,111122223333,444455556666,AWS,8.865726,10.53262,USD,arn:aws:elastic-load-balancing:us-east-1:444455556666:resource/res-00006-01,Amazon Elastic Load Balancing,staging
Support Fee,2026-06-06T03:00:00Z,2026-06-06T04:00:00Z,123456789012,234567890123,AWS,8.377405,10.588301,USD,arn:aws:support:us-east-1:234567890123:resource/res-00006-02,AWS Support (Business),development
USE1-BoxUsage:t3.medium,2026-06-06T06:00:00Z,2026-06-06T07:00:00Z,123456789012,345678901234,AWS,44.41595,52.674506,USD,arn:aws:ec2:us-east-1:345678901234:resource/res-00006-03,Amazon Elastic Compute Cloud,qa
USE1-TimedStorage-ByteHrs,2026-06-06T09:00:00Z,2026-06-06T10:00:00Z,987654321098,765432109876,AWS,23.690754,27.575764,USD,arn:aws:s3:us-east-1:765432109876:resource/res-00006-04,Amazon Simple Storage Service,production
USE1-DataTransfer-Out-Bytes,2026-06-06T13:00:00Z,2026-06-06T14:00:00Z,987654321098,876543210987,AWS,10.577369,12.486725,USD,arn:aws:cloudfront:us-east-1:876543210987:resource/res-00006-05,Amazon CloudFront,staging
USE1-ReadRequestUnits,2026-06-06T16:00:00Z,2026-06-06T17:00:00Z,111122223333,444455556666,AWS,10.601726,13.191313,USD,arn:aws:dynamodb:us-east-1:444455556666:resource/res-00006-06,Amazon DynamoDB,development
USE1-DataTransfer-Out-Bytes,2026-06-06T19:00:00Z,2026-06-06T20:00:00Z,123456789012,234567890123,AWS,12.470477,14.162159,USD,arn:aws:cloudfront:us-east-1:234567890123:resource/res-00006-07,Amazon CloudFront,qa
USE1-LCUUsage,2026-06-06T21:00:00Z,2026-06-06T22:00:00Z,123456789012,345678901234,AWS,11.171098,12.635594,USD,arn:aws:elastic-load-balancing:us-east-1:345678901234:resource/res-00006-08,Amazon Elastic Load Balancing,production
USE1-Request,2026-06-06T22:00:00Z,2026-06-06T23:00:00Z,987654321098,765432109876,AWS,16.261113,18.804317,USD,arn:aws:lambda:us-east-1:765432109876:resource/res-00006-09,AWS Lambda,staging
USE1-InstanceUsage:db.t3.medium,2026-06-06T23:00:00Z,2026-06-07T00:00:00Z,987654321098,876543210987,AWS,22.883185,28.083923,USD,arn:aws:rds:us-east-1:876543210987:resource/res-00006-10,Amazon Relational Database Service,development
USE1-LCUUsage,2026-06-07T01:00:00Z,2026-06-07T02:00:00Z,123456789012,345678901234,AWS,11.869133,14.731253,USD,arn:aws:elastic-load-balancing:us-east-1:345678901234:resource/res-00007-01,Amazon Elastic Load Balancing,development
USE1-TimedStorage-ByteHrs,2026-06-07T03:00:00Z,2026-06-07T04:00:00Z,987654321098,765432109876,AWS,23.585696,29.874003,USD,arn:aws:s3:us-east-1:765432109876:resource/res-00007-02,Amazon Simple Storage Service,qa
USE1-BoxUsage:t3.medium,2026-06-07T06:00:00Z,2026-06-07T07:00:00Z,987654321098,876543210987,AWS,42.302401,50.446579,USD,arn:aws:ec2:us-east-1:876543210987:resource/res-00007-03,Amazon Elastic Compute Cloud,production
USE1-DataTransfer-Out-Bytes,2026-06-07T09:00:00Z,2026-06-07T10:00:00Z,111122223333,444455556666,AWS,9.505489,12.011069,USD,arn:aws:cloudfront:us-east-1:444455556666:resource/res-00007-04,Amazon CloudFront,staging
Support Fee,2026-06-07T13:00:00Z,2026-06-07T14:00:00Z,123456789012,234567890123,AWS,8.844564,9.923995,USD,arn:aws:support:us-east-1:234567890123:resource/res-00007-05,AWS Support (Business),development
USE1-InstanceUsage:db.t3.medium,2026-06-07T16:00:00Z,2026-06-07T17:00:00Z,123456789012,345678901234,AWS,21.635041,27.557645,USD,arn:aws:rds:us-east-1:345678901234:resource/res-00007-06,Amazon Relational Database Service,qa
Support Fee,2026-06-07T19:00:00Z,2026-06-07T20:00:00Z,987654321098,765432109876,AWS,10.462202,12.878253,USD,arn:aws:support:us-east-1:765432109876:resource/res-00007-07,AWS Support (Business),production
USE1-LCUUsage,2026-06-07T21:00:00Z,2026-06-07T22:00:00Z,987654321098,876543210987,AWS,11.958764,15.020433,USD,arn:aws:elastic-load-balancing:us-east-1:876543210987:resource/res-00007-08,Amazon Elastic Load Balancing,staging
USE1-Request,2026-06-07T22:00:00Z,2026-06-07T23:00:00Z,111122223333,444455556666,AWS,16.303965,18.939,USD,arn:aws:lambda:us-east-1:444455556666:resource/res-00007-09,AWS Lambda,development
USE1-ReadRequestUnits,2026-06-07T23:00:00Z,2026-06-08T00:00:00Z,123456789012,234567890123,AWS,15.281856,18.588038,USD,arn:aws:dynamodb:us-east-1:234567890123:resource/res-00007-10,Amazon DynamoDB,qa
USE1-LCUUsage,2026-06-08T01:00:00Z,2026-06-08T02:00:00Z,987654321098,876543210987,AWS,9.450517,11.766818,USD,arn:aws:elastic-load-balancing:us-east-1:876543210987:resource/res-00008-01,Amazon Elastic Load Balancing,qa
USE1-InstanceUsage:db.t3.medium,2026-06-08T03:00:00Z,2026-06-08T04:00:00Z,111122223333,444455556666,AWS,22.373416,25.53525,USD,arn:aws:rds:us-east-1:444455556666:resource/res-00008-02,Amazon Relational Database Service,production
Support Fee,2026-06-08T06:00:00Z,2026-06-08T07:00:00Z,123456789012,234567890123,AWS,9.649938,12.088382,USD,arn:aws:support:us-east-1:234567890123:resource/res-00008-03,AWS Support (Business),staging
Support Fee,2026-06-08T09:00:00Z,2026-06-08T10:00:00Z,123456789012,345678901234,AWS,8.955584,10.395396,USD,arn:aws:support:us-east-1:345678901234:resource/res-00008-04,AWS Support (Business),development
USE1-Request,2026-06-08T13:00:00Z,2026-06-08T14:00:00Z,987654321098,765432109876,AWS,16.845243,21.393901,USD,arn:aws:lambda:us-east-1:765432109876:resource/res-00008-05,AWS Lambda,qa
USE1-TimedStorage-ByteHrs,2026-06-08T16:00:00Z,2026-06-08T17:00:00Z,987654321098,876543210987,AWS,29.111664,33.076161,USD,arn:aws:s3:us-east-1:876543210987:resource/res-00008-06,Amazon Simple Storage Service,production
USE1-ReadRequestUnits,2026-06-08T19:00:00Z,2026-06-08T20:00:00Z,111122223333,444455556666,AWS,12.573054,14.442945,USD,arn:aws:dynamodb:us-east-1:444455556666:resource/res-00008-07,Amazon DynamoDB,staging
USE1-BoxUsage:t3.medium,2026-06-08T21:00:00Z,2026-06-08T22:00:00Z,123456789012,234567890123,AWS,40.141217,48.932315,USD,arn:aws:ec2:us-east-1:234567890123:resource/res-00008-08,Amazon Elastic Compute Cloud,development
USE1-BoxUsage:t3.medium,2026-06-08T22:00:00Z,2026-06-08T23:00:00Z,123456789012,345678901234,AWS,40.910133,48.72945,USD,arn:aws:ec2:us-east-1:345678901234:resource/res-00008-09,Amazon Elastic Compute Cloud,qa
USE1-DataTransfer-Out-Bytes,2026-06-08T23:00:00Z,2026-06-09T00:00:00Z,987654321098,765432109876,AWS Marketplace,12.108459,14.568188,USD,arn:aws:cloudfront:us-east-1:765432109876:resource/res-00008-10,Amazon CloudFront,production
USE1-Request,2026-06-09T01:00:00Z,2026-06-09T02:00:00Z,123456789012,234567890123,AWS,15.005602,17.396881,USD,arn:aws:lambda:us-east-1:234567890123:resource/res-00009-01,AWS Lambda,production
USE1-TimedStorage-ByteHrs,2026-06-09T03:00:00Z,2026-06-09T04:00:00Z,123456789012,345678901234,AWS,25.137326,30.580721,USD,arn:aws:s3:us-east-1:345678901234:resource/res-00009-02,Amazon Simple Storage Service,staging
USE1-DataTransfer-Out-Bytes,2026-06-09T06:00:00Z,2026-06-09T07:00:00Z,987654321098,765432109876,AWS,12.718818,14.717953,USD,arn:aws:cloudfront:us-east-1:765432109876:resource/res-00009-03,Amazon CloudFront,development
USE1-LCUUsage,2026-06-09T09:00:00Z,2026-06-09T10:00:00Z,987654321098,876543210987,AWS,13.024823,14.577689,USD,arn:aws:elastic-load-balancing:us-east-1:876543210987:resource/res-00009-04,Amazon Elastic Load Balancing,qa
USE1-BoxUsage:t3.medium,2026-06-09T13:00:00Z,2026-06-09T14:00:00Z,111122223333,444455556666,AWS,44.086809,53.423297,USD,arn:aws:ec2:us-east-1:444455556666:resource/res-00009-05,Amazon Elastic Compute Cloud,production
Support Fee,2026-06-09T16:00:00Z,2026-06-09T17:00:00Z,123456789012,234567890123,AWS,8.189111,9.300111,USD,arn:aws:support:us-east-1:234567890123:resource/res-00009-06,AWS Support (Business),staging
USE1-ReadRequestUnits,2026-06-09T19:00:00Z,2026-06-09T20:00:00Z,123456789012,345678901234,AWS,12.437375,15.78323,USD,arn:aws:dynamodb:us-east-1:345678901234:resource/res-00009-07,Amazon DynamoDB,development
USE1-TimedStorage-ByteHrs,2026-06-09T21:00:00Z,2026-06-09T22:00:00Z,987654321098,765432109876,AWS,25.152249,31.76862,USD,arn:aws:s3:us-east-1:765432109876:resource/res-00009-08,Amazon Simple Storage Service,qa
USE1-BoxUsage:t3.medium,2026-06-09T22:00:00Z,2026-06-09T23:00:00Z,987654321098,876543210987,AWS,49.049069,58.121926,USD,arn:aws:ec2:us-east-1:876543210987:resource/res-00009-09,Amazon Elastic Compute Cloud,production
USE1-InstanceUsage:db.t3.medium,2026-06-09T23:00:00Z,2026-06-10T00:00:00Z,111122223333,444455556666,AWS,26.713355,29.871912,USD,arn:aws:rds:us-east-1:444455556666:resource/res-00009-10,Amazon Relational Database Service,staging
USE1-ReadRequestUnits,2026-06-10T01:00:00Z,2026-06-10T02:00:00Z,987654321098,765432109876,AWS,16.193923,19.541501,USD,arn:aws:dynamodb:us-east-1:765432109876:resource/res-00010-01,Amazon DynamoDB,staging
USE1-TimedStorage-ByteHrs,2026-06-10T03:00:00Z,2026-06-10T04:00:00Z,987654321098,876543210987,AWS,26.971937,31.570467,USD,arn:aws:s3:us-east-1:876543210987:resource/res-00010-02,Amazon Simple Storage Service,development
USE1-DataTransfer-Out-Bytes,2026-06-10T06:00:00Z,2026-06-10T07:00:00Z,111122223333,444455556666,AWS,10.754532,13.06392,USD,arn:aws:cloudfront:us-east-1:444455556666:resource/res-00010-03,Amazon CloudFront,qa
USE1-InstanceUsage:db.t3.medium,2026-06-10T09:00:00Z,2026-06-10T10:00:00Z,123456789012,234567890123,AWS,27.532137,32.566597,USD,arn:aws:rds:us-east-1:234567890123:resource/res-00010-04,Amazon Relational Database Service,production
USE1-LCUUsage,2026-06-10T13:00:00Z,2026-06-10T14:00:00Z,123456789012,345678901234,AWS,10.614079,12.203629,USD,arn:aws:elastic-load-balancing:us-east-1:345678901234:resource/res-00010-05,Amazon Elastic Load Balancing,staging
USE1-Request,2026-06-10T16:00:00Z,2026-06-10T17:00:00Z,987654321098,765432109876,AWS,16.797787,20.872541,USD,arn:aws:lambda:us-east-1:765432109876:resource/res-00010-06,AWS Lambda,development
USE1-TimedStorage-ByteHrs,2026-06-10T19:00:00Z,2026-06-10T20:00:00Z,987654321098,876543210987,AWS,24.854954,27.964468,USD,arn:aws:s3:us-east-1:876543210987:resource/res-00010-07,Amazon Simple Storage Service,qa
Support Fee,2026-06-10T21:00:00Z,2026-06-10T22:00:00Z,111122223333,444455556666,AWS,10.466879,11.895729,USD,arn:aws:support:us-east-1:444455556666:resource/res-00010-08,AWS Support (Business),production
USE1-InstanceUsage:db.t3.medium,2026-06-10T22:00:00Z,2026-06-10T23:00:00Z,123456789012,234567890123,AWS,27.673914,32.123165,USD,arn:aws:rds:us-east-1:234567890123:resource/res-00010-09,Amazon Relational Database Service,staging
USE1-BoxUsage:t3.medium,2026-06-10T23:00:00Z,2026-06-11T00:00:00Z,123456789012,345678901234,AWS,38.446009,48.476664,USD,arn:aws:ec2:us-east-1:345678901234:resource/res-00010-10,Amazon Elastic Compute Cloud,development
USE1-InstanceUsage:db.t3.medium,2026-06-11T01:00:00Z,2026-06-11T02:00:00Z,111122223333,444455556666,AWS,21.592587,25.713476,USD,arn:aws:rds:us-east-1:444455556666:resource/res-00011-01,Amazon Relational Database Service,development
USE1-DataTransfer-Out-Bytes,2026-06-11T03:00:00Z,2026-06-11T04:00:00Z,123456789012,234567890123,AWS,11.672872,14.574565,USD,arn:aws:cloudfront:us-east-1:234567890123:resource/res-00011-02,Amazon CloudFront,qa
USE1-InstanceUsage:db.t3.medium,2026-06-11T06:00:00Z,2026-06-11T07:00:00Z,123456789012,345678901234,AWS,20.141209,22.994142,USD,arn:aws:rds:us-east-1:345678901234:resource/res-00011-03,Amazon Relational Database Service,production
USE1-BoxUsage:t3.medium,2026-06-11T09:00:00Z,2026-06-11T10:00:00Z,987654321098,765432109876,AWS,41.815557,48.156738,USD,arn:aws:ec2:us-east-1:765432109876:resource/res-00011-04,Amazon Elastic Compute Cloud,staging
USE1-TimedStorage-ByteHrs,2026-06-11T13:00:00Z,2026-06-11T14:00:00Z,987654321098,876543210987,AWS,27.175314,31.985008,USD,arn:aws:s3:us-east-1:876543210987:resource/res-00011-05,Amazon Simple Storage Service,development
USE1-Request,2026-06-11T16:00:00Z,2026-06-11T17:00:00Z,111122223333,444455556666,AWS,13.130142,15.367593,USD,arn:aws:lambda:us-east-1:444455556666:resource/res-00011-06,AWS Lambda,qa
USE1-LCUUsage,2026-06-11T19:00:00Z,2026-06-11T20:00:00Z,123456789012,234567890123,AWS,11.459797,12.95081,USD,arn:aws:elastic-load-balancing:us-east-1:234567890123:resource/res-00011-07,Amazon Elastic Load Balancing,production
USE1-Request,2026-06-11T21:00:00Z,2026-06-11T22:00:00Z,123456789012,345678901234,AWS,18.295372,20.546437,USD,arn:aws:lambda:us-east-1:345678901234:resource/res-00011-08,AWS Lambda,staging
USE1-ReadRequestUnits,2026-06-11T22:00:00Z,2026-06-11T23:00:00Z,987654321098,765432109876,AWS,16.848919,19.034934,USD,arn:aws:dynamodb:us-east-1:765432109876:resource/res-00011-09,Amazon DynamoDB,development
Support Fee,2026-06-11T23:00:00Z,2026-06-12T00:00:00Z,987654321098,876543210987,AWS,9.834186,12.367947,USD,arn:aws:support:us-east-1:876543210987:resource/res-00011-10,AWS Support (Business),qa
USE1-Request,2026-06-12T01:00:00Z,2026-06-12T02:00:00Z,123456789012,345678901234,AWS,14.383062,17.150218,USD,arn:aws:lambda:us-east-1:345678901234:resource/res-00012-01,AWS Lambda,qa
USE1-Request,2026-06-12T03:00:00Z,2026-06-12T04:00:00Z,987654321098,765432109876,AWS,16.136533,19.109766,USD,arn:aws:lambda:us-east-1:765432109876:resource/res-00012-02,AWS Lambda,production
USE1-InstanceUsage:db.t3.medium,2026-06-12T06:00:00Z,2026-06-12T07:00:00Z,987654321098,876543210987,AWS,20.075137,24.34502,USD,arn:aws:rds:us-east-1:876543210987:resource/res-00012-03,Amazon Relational Database Service,staging
USE1-ReadRequestUnits,2026-06-12T09:00:00Z,2026-06-12T10:00:00Z,111122223333,444455556666,AWS,12.289955,13.956294,USD,arn:aws:dynamodb:us-east-1:444455556666:resource/res-00012-04,Amazon DynamoDB,development
Support Fee,2026-06-12T13:00:00Z,2026-06-12T14:00:00Z,123456789012,234567890123,AWS,8.561259,10.077329,USD,arn:aws:support:us-east-1:234567890123:resource/res-00012-05,AWS Support (Business),qa
USE1-ReadRequestUnits,2026-06-12T16:00:00Z,2026-06-12T17:00:00Z,123456789012,345678901234,AWS,11.774885,13.770374,USD,arn:aws:dynamodb:us-east-1:345678901234:resource/res-00012-06,Amazon DynamoDB,production
USE1-LCUUsage,2026-06-12T19:00:00Z,2026-06-12T20:00:00Z,987654321098,765432109876,AWS,9.69703,11.281239,USD,arn:aws:elastic-load-balancing:us-east-1:765432109876:resource/res-00012-07,Amazon Elastic Load Balancing,staging
USE1-TimedStorage-ByteHrs,2026-06-12T21:00:00Z,2026-06-12T22:00:00Z,987654321098,876543210987,AWS,22.561312,27.532735,USD,arn:aws:s3:us-east-1:876543210987:resource/res-00012-08,Amazon Simple Storage Service,development
USE1-BoxUsage:t3.medium,2026-06-12T22:00:00Z,2026-06-12T23:00:00Z,111122223333,444455556666,AWS,35.949308,45.507844,USD,arn:aws:ec2:us-east-1:444455556666:resource/res-00012-09,Amazon Elastic Compute Cloud,qa
USE1-DataTransfer-Out-Bytes,2026-06-12T23:00:00Z,2026-06-13T00:00:00Z,123456789012,234567890123,AWS,11.479672,13.6276,USD,arn:aws:cloudfront:us-east-1:234567890123:resource/res-00012-10,Amazon CloudFront,production
USE1-TimedStorage-ByteHrs,2026-06-13T01:00:00Z,2026-06-13T02:00:00Z,987654321098,876543210987,AWS,25.440402,30.823619,USD,arn:aws:s3:us-east-1:876543210987:resource/res-00013-01,Amazon Simple Storage Service,production
USE1-ReadRequestUnits,2026-06-13T03:00:00Z,2026-06-13T04:00:00Z,111122223333,444455556666,AWS,12.12623,14.898378,USD,arn:aws:dynamodb:us-east-1:444455556666:resource/res-00013-02,Amazon DynamoDB,staging
USE1-DataTransfer-Out-Bytes,2026-06-13T06:00:00Z,2026-06-13T07:00:00Z,123456789012,234567890123,AWS,9.166632,11.20038,USD,arn:aws:cloudfront:us-east-1:234567890123:resource/res-00013-03,Amazon CloudFront,development
USE1-DataTransfer-Out-Bytes,2026-06-13T09:00:00Z,2026-06-13T10:00:00Z,123456789012,345678901234,AWS,12.493218,14.173295,USD,arn:aws:cloudfront:us-east-1:345678901234:resource/res-00013-04,Amazon CloudFront,qa
USE1-BoxUsage:t3.medium,2026-06-13T13:00:00Z,2026-06-13T14:00:00Z,987654321098,765432109876,AWS,47.919522,54.109192,USD,arn:aws:ec2:us-east-1:765432109876:resource/res-00013-05,Amazon Elastic Compute Cloud,production
Support Fee,2026-06-13T16:00:00Z,2026-06-13T17:00:00Z,987654321098,876543210987,AWS,10.309855,11.625966,USD,arn:aws:support:us-east-1:876543210987:resource/res-00013-06,AWS Support (Business),staging
USE1-ReadRequestUnits,2026-06-13T19:00:00Z,2026-06-13T20:00:00Z,111122223333,444455556666,AWS,16.436596,18.659557,USD,arn:aws:dynamodb:us-east-1:444455556666:resource/res-00013-07,Amazon DynamoDB,development
USE1-Request,2026-06-13T21:00:00Z,2026-06-13T22:00:00Z,123456789012,234567890123,AWS,16.841156,20.880838,USD,arn:aws:lambda:us-east-1:234567890123:resource/res-00013-08,AWS Lambda,qa
USE1-LCUUsage,2026-06-13T22:00:00Z,2026-06-13T23:00:00Z,123456789012,345678901234,AWS,10.485183,12.967369,USD,arn:aws:elastic-load-balancing:us-east-1:345678901234:resource/res-00013-09,Amazon Elastic Load Balancing,production
USE1-InstanceUsage:db.t3.medium,2026-06-13T23:00:00Z,2026-06-14T00:00:00Z,987654321098,765432109876,AWS,23.500026,29.736493,USD,arn:aws:rds:us-east-1:765432109876:resource/res-00013-10,Amazon Relational Database Service,staging
USE1-InstanceUsage:db.t3.medium,2026-06-14T01:00:00Z,2026-06-14T02:00:00Z,123456789012,234567890123,AWS,21.652312,25.652696,USD,arn:aws:rds:us-east-1:234567890123:resource/res-00014-01,Amazon Relational Database Service,staging
USE1-TimedStorage-ByteHrs,2026-06-14T03:00:00Z,2026-06-14T04:00:00Z,123456789012,345678901234,AWS,23.157069,28.565092,USD,arn:aws:s3:us-east-1:345678901234:resource/res-00014-02,Amazon Simple Storage Service,development
USE1-LCUUsage,2026-06-14T06:00:00Z,2026-06-14T07:00:00Z,987654321098,765432109876,AWS,10.870614,12.923908,USD,arn:aws:elastic-load-balancing:us-east-1:765432109876:resource/res-00014-03,Amazon Elastic Load Balancing,qa
USE1-DataTransfer-Out-Bytes,2026-06-14T09:00:00Z,2026-06-14T10:00:00Z,987654321098,876543210987,AWS,9.570781,12.085346,USD,arn:aws:cloudfront:us-east-1:876543210987:resource/res-00014-04,Amazon CloudFront,production
Support Fee,2026-06-14T13:00:00Z,2026-06-14T14:00:00Z,111122223333,444455556666,AWS,7.622681,8.631317,USD,arn:aws:support:us-east-1:444455556666:resource/res-00014-05,AWS Support (Business),staging
USE1-ReadRequestUnits,2026-06-14T16:00:00Z,2026-06-14T17:00:00Z,123456789012,234567890123,AWS,10.507405,12.774038,USD,arn:aws:dynamodb:us-east-1:234567890123:resource/res-00014-06,Amazon DynamoDB,development
USE1-BoxUsage:t3.medium,2026-06-14T19:00:00Z,2026-06-14T20:00:00Z,123456789012,345678901234,AWS,37.9812,46.91862,USD,arn:aws:ec2:us-east-1:345678901234:resource/res-00014-07,Amazon Elastic Compute Cloud,qa
USE1-LCUUsage,2026-06-14T21:00:00Z,2026-06-14T22:00:00Z,987654321098,765432109876,AWS,10.63833,12.386235,USD,arn:aws:elastic-load-balancing:us-east-1:765432109876:resource/res-00014-08,Amazon Elastic Load Balancing,production
USE1-DataTransfer-Out-Bytes,2026-06-14T22:00:00Z,2026-06-14T23:00:00Z,987654321098,876543210987,AWS,10.816702,13.340233,USD,arn:aws:cloudfront:us-east-1:876543210987:resource/res-00014-09,Amazon CloudFront,staging
USE1-Request,2026-06-14T23:00:00Z,2026-06-15T00:00:00Z,111122223333,444455556666,AWS,13.080299,15.290366,USD,arn:aws:lambda:us-east-1:444455556666:resource/res-00014-10,AWS Lambda,development
USE1-InstanceUsage:db.t3.medium,2026-06-15T01:00:00Z,2026-06-15T02:00:00Z,987654321098,765432109876,AWS,19.390157,24.501599,USD,arn:aws:rds:us-east-1:765432109876:resource/res-00015-01,Amazon Relational Database Service,development
Support Fee,2026-06-15T03:00:00Z,2026-06-15T04:00:00Z,987654321098,876543210987,AWS,8.920671,10.587623,USD,arn:aws:support:us-east-1:876543210987:resource/res-00015-02,AWS Support (Business),qa
USE1-TimedStorage-ByteHrs,2026-06-15T06:00:00Z,2026-06-15T07:00:00Z,111122223333,444455556666,AWS,20.457013,26.03579,USD,arn:aws:s3:us-east-1:444455556666:resource/res-00015-03,Amazon Simple Storage Service,production
USE1-ReadRequestUnits,2026-06-15T09:00:00Z,2026-06-15T10:00:00Z,123456789012,234567890123,AWS,12.285028,15.55664,USD,arn:aws:dynamodb:us-east-1:234567890123:resource/res-00015-04,Amazon DynamoDB,staging
USE1-Request,2026-06-15T13:00:00Z,2026-06-15T14:00:00Z,123456789012,345678901234,AWS,11.075164,13.82712,USD,arn:aws:lambda:us-east-1:345678901234:resource/res-00015-05,AWS Lambda,development
Support Fee,2026-06-15T16:00:00Z,2026-06-15T17:00:00Z,987654321098,765432109876,AWS,8.906997,10.091743,USD,arn:aws:support:us-east-1:765432109876:resource/res-00015-06,AWS Support (Business),qa
USE1-BoxUsage:t3.medium,2026-06-15T19:00:00Z,2026-06-15T20:00:00Z,987654321098,876543210987,AWS,39.29815,47.959878,USD,arn:aws:ec2:us-east-1:876543210987:resource/res-00015-07,Amazon Elastic Compute Cloud,production
USE1-DataTransfer-Out-Bytes,2026-06-15T21:00:00Z,2026-06-15T22:00:00Z,111122223333,444455556666,AWS,7.819708,9.250117,USD,arn:aws:cloudfront:us-east-1:444455556666:resource/res-00015-08,Amazon CloudFront,staging
USE1-LCUUsage,2026-06-15T22:00:00Z,2026-06-15T23:00:00Z,123456789012,234567890123,AWS,10.819329,12.534387,USD,arn:aws:elastic-load-balancing:us-east-1:234567890123:resource/res-00015-09,Amazon Elastic Load Balancing,development
USE1-LCUUsage,2026-06-15T23:00:00Z,2026-06-16T00:00:00Z,123456789012,345678901234,AWS Marketplace,9.358321,11.052597,USD,arn:aws:elastic-load-balancing:us-east-1:345678901234:resource/res-00015-10,Amazon Elastic Load Balancing,qa
USE1-InstanceUsage:db.t3.medium,2026-06-16T01:00:00Z,2026-06-16T02:00:00Z,111122223333,444455556666,AWS,23.660706,26.75524,USD,arn:aws:rds:us-east-1:444455556666:resource/res-00016-01,Amazon Relational Database Service,qa
USE1-LCUUsage,2026-06-16T03:00:00Z,2026-06-16T04:00:00Z,123456789012,234567890123,AWS,10.793648,13.136022,USD,arn:aws:elastic-load-balancing:us-east-1:234567890123:resource/res-00016-02,Amazon Elastic Load Balancing,production
USE1-DataTransfer-Out-Bytes,2026-06-16T06:00:00Z,2026-06-16T07:00:00Z,123456789012,345678901234,AWS,10.40056,11.737068,USD,arn:aws:cloudfront:us-east-1:345678901234:resource/res-00016-03,Amazon CloudFront,staging
USE1-Request,2026-06-16T09:00:00Z,2026-06-16T10:00:00Z,987654321098,765432109876,AWS,16.236054,18.181213,USD,arn:aws:lambda:us-east-1:765432109876:resource/res-00016-04,AWS Lambda,development
USE1-ReadRequestUnits,2026-06-16T13:00:00Z,2026-06-16T14:00:00Z,987654321098,876543210987,AWS,11.426363,12.980985,USD,arn:aws:dynamodb:us-east-1:876543210987:resource/res-00016-05,Amazon DynamoDB,qa
USE1-BoxUsage:t3.medium,2026-06-16T16:00:00Z,2026-06-16T17:00:00Z,111122223333,444455556666,AWS,44.339313,50.728214,USD,arn:aws:ec2:us-east-1:444455556666:resource/res-00016-06,Amazon Elastic Compute Cloud,production
Support Fee,2026-06-16T19:00:00Z,2026-06-16T20:00:00Z,123456789012,234567890123,AWS,9.013485,10.955474,USD,arn:aws:support:us-east-1:234567890123:resource/res-00016-07,AWS Support (Business),staging
USE1-TimedStorage-ByteHrs,2026-06-16T21:00:00Z,2026-06-16T22:00:00Z,123456789012,345678901234,AWS,20.176507,22.52714,USD,arn:aws:s3:us-east-1:345678901234:resource/res-00016-08,Amazon Simple Storage Service,development
USE1-BoxUsage:t3.medium,2026-06-16T22:00:00Z,2026-06-16T23:00:00Z,987654321098,765432109876,AWS,32.046626,38.685986,USD,arn:aws:ec2:us-east-1:765432109876:resource/res-00016-09,Amazon Elastic Compute Cloud,qa
Support Fee,2026-06-16T23:00:00Z,2026-06-17T00:00:00Z,987654321098,876543210987,AWS,9.200046,10.58041,USD,arn:aws:support:us-east-1:876543210987:resource/res-00016-10,AWS Support (Business),production
USE1-InstanceUsage:db.t3.medium,2026-06-17T01:00:00Z,2026-06-17T02:00:00Z,123456789012,345678901234,AWS,14.955543,17.118354,USD,arn:aws:rds:us-east-1:345678901234:resource/res-00017-01,Amazon Relational Database Service,production
USE1-TimedStorage-ByteHrs,2026-06-17T03:00:00Z,2026-06-17T04:00:00Z,987654321098,765432109876,AWS,16.887406,20.110337,USD,arn:aws:s3:us-east-1:765432109876:resource/res-00017-02,Amazon Simple Storage Service,staging
USE1-BoxUsage:t3.medium,2026-06-17T06:00:00Z,2026-06-17T07:00:00Z,987654321098,876543210987,AWS,35.63801,43.162029,USD,arn:aws:ec2:us-east-1:876543210987:resource/res-00017-03,Amazon Elastic Compute Cloud,development
USE1-TimedStorage-ByteHrs,2026-06-17T09:00:00Z,2026-06-17T10:00:00Z,111122223333,444455556666,AWS,23.016453,26.188609,USD,arn:aws:s3:us-east-1:444455556666:resource/res-00017-04,Amazon Simple Storage Service,qa
USE1-LCUUsage,2026-06-17T13:00:00Z,2026-06-17T14:00:00Z,123456789012,234567890123,AWS,9.080459,10.382002,USD,arn:aws:elastic-load-balancing:us-east-1:234567890123:resource/res-00017-05,Amazon Elastic Load Balancing,production
Support Fee,2026-06-17T16:00:00Z,2026-06-17T17:00:00Z,123456789012,345678901234,AWS,6.148805,7.528574,USD,arn:aws:support:us-east-1:345678901234:resource/res-00017-06,AWS Support (Business),staging
USE1-DataTransfer-Out-Bytes,2026-06-17T19:00:00Z,2026-06-17T20:00:00Z,987654321098,765432109876,AWS,9.294284,11.228388,USD,arn:aws:cloudfront:us-east-1:765432109876:resource/res-00017-07,Amazon CloudFront,development
USE1-Request,2026-06-17T21:00:00Z,2026-06-17T22:00:00Z,987654321098,876543210987,AWS,9.498811,11.482883,USD,arn:aws:lambda:us-east-1:876543210987:resource/res-00017-08,AWS Lambda,qa
USE1-ReadRequestUnits,2026-06-17T22:00:00Z,2026-06-17T23:00:00Z,111122223333,444455556666,AWS,8.195906,10.280758,USD,arn:aws:dynamodb:us-east-1:444455556666:resource/res-00017-09,Amazon DynamoDB,production
USE1-BoxUsage:t3.medium,2026-06-17T23:00:00Z,2026-06-18T00:00:00Z,123456789012,234567890123,AWS,37.401467,42.65359,USD,arn:aws:ec2:us-east-1:234567890123:resource/res-00017-10,Amazon Elastic Compute Cloud,staging
USE1-ReadRequestUnits,2026-06-18T01:00:00Z,2026-06-18T02:00:00Z,987654321098,876543210987,AWS,12.989541,15.060313,USD,arn:aws:dynamodb:us-east-1:876543210987:resource/res-00018-01,Amazon DynamoDB,staging
USE1-TimedStorage-ByteHrs,2026-06-18T03:00:00Z,2026-06-18T04:00:00Z,111122223333,444455556666,AWS,20.610098,25.199914,USD,arn:aws:s3:us-east-1:444455556666:resource/res-00018-02,Amazon Simple Storage Service,development
USE1-BoxUsage:t3.medium,2026-06-18T06:00:00Z,2026-06-18T07:00:00Z,123456789012,234567890123,AWS,34.846438,44.060097,USD,arn:aws:ec2:us-east-1:234567890123:resource/res-00018-03,Amazon Elastic Compute Cloud,qa
USE1-DataTransfer-Out-Bytes,2026-06-18T09:00:00Z,2026-06-18T10:00:00Z,123456789012,345678901234,AWS,7.398997,8.815577,USD,arn:aws:cloudfront:us-east-1:345678901234:resource/res-00018-04,Amazon CloudFront,production
USE1-TimedStorage-ByteHrs,2026-06-18T13:00:00Z,2026-06-18T14:00:00Z,987654321098,765432109876,AWS,19.952608,23.664667,USD,arn:aws:s3:us-east-1:765432109876:resource/res-00018-05,Amazon Simple Storage Service,staging
USE1-InstanceUsage:db.t3.medium,2026-06-18T16:00:00Z,2026-06-18T17:00:00Z,987654321098,876543210987,AWS,16.44656,18.663004,USD,arn:aws:rds:us-east-1:876543210987:resource/res-00018-06,Amazon Relational Database Service,development
USE1-LCUUsage,2026-06-18T19:00:00Z,2026-06-18T20:00:00Z,111122223333,444455556666,AWS,8.006214,9.286607,USD,arn:aws:elastic-load-balancing:us-east-1:444455556666:resource/res-00018-07,Amazon Elastic Load Balancing,qa
USE1-Request,2026-06-18T21:00:00Z,2026-06-18T22:00:00Z,123456789012,234567890123,AWS,11.626016,14.044287,USD,arn:aws:lambda:us-east-1:234567890123:resource/res-00018-08,AWS Lambda,production
USE1-InstanceUsage:db.t3.medium,2026-06-18T22:00:00Z,2026-06-18T23:00:00Z,123456789012,345678901234,AWS,19.277441,22.675998,USD,arn:aws:rds:us-east-1:345678901234:resource/res-00018-09,Amazon Relational Database Service,staging
Support Fee,2026-06-18T23:00:00Z,2026-06-19T00:00:00Z,987654321098,765432109876,AWS,7.295042,8.367025,USD,arn:aws:support:us-east-1:765432109876:resource/res-00018-10,AWS Support (Business),development
USE1-DataTransfer-Out-Bytes,2026-06-19T01:00:00Z,2026-06-19T02:00:00Z,123456789012,234567890123,AWS,7.89778,9.482533,USD,arn:aws:cloudfront:us-east-1:234567890123:resource/res-00019-01,Amazon CloudFront,development
Support Fee,2026-06-19T03:00:00Z,2026-06-19T04:00:00Z,123456789012,345678901234,AWS,6.998973,8.4973,USD,arn:aws:support:us-east-1:345678901234:resource/res-00019-02,AWS Support (Business),qa
USE1-TimedStorage-ByteHrs,2026-06-19T06:00:00Z,2026-06-19T07:00:00Z,987654321098,765432109876,AWS,20.380432,23.675182,USD,arn:aws:s3:us-east-1:765432109876:resource/res-00019-03,Amazon Simple Storage Service,production
USE1-LCUUsage,2026-06-19T09:00:00Z,2026-06-19T10:00:00Z,987654321098,876543210987,AWS,8.512454,10.197737,USD,arn:aws:elastic-load-balancing:us-east-1:876543210987:resource/res-00019-04,Amazon Elastic Load Balancing,staging
USE1-ReadRequestUnits,2026-06-19T13:00:00Z,2026-06-19T14:00:00Z,111122223333,444455556666,AWS,9.573608,11.588533,USD,arn:aws:dynamodb:us-east-1:444455556666:resource/res-00019-05,Amazon DynamoDB,development
USE1-InstanceUsage:db.t3.medium,2026-06-19T16:00:00Z,2026-06-19T17:00:00Z,123456789012,234567890123,AWS,15.777965,18.809758,USD,arn:aws:rds:us-east-1:234567890123:resource/res-00019-06,Amazon Relational Database Service,qa
USE1-InstanceUsage:db.t3.medium,2026-06-19T19:00:00Z,2026-06-19T20:00:00Z,123456789012,345678901234,AWS,17.127097,21.490657,USD,arn:aws:rds:us-east-1:345678901234:resource/res-00019-07,Amazon Relational Database Service,production
USE1-Request,2026-06-19T21:00:00Z,2026-06-19T22:00:00Z,987654321098,765432109876,AWS,12.768298,15.203282,USD,arn:aws:lambda:us-east-1:765432109876:resource/res-00019-08,AWS Lambda,staging
USE1-BoxUsage:t3.medium,2026-06-19T22:00:00Z,2026-06-19T23:00:00Z,987654321098,876543210987,AWS,31.108894,38.565543,USD,arn:aws:ec2:us-east-1:876543210987:resource/res-00019-09,Amazon Elastic Compute Cloud,development
USE1-Request,2026-06-19T23:00:00Z,2026-06-20T00:00:00Z,111122223333,444455556666,AWS,9.886336,12.32023,USD,arn:aws:lambda:us-east-1:444455556666:resource/res-00019-10,AWS Lambda,qa
USE1-LCUUsage,2026-06-20T01:00:00Z,2026-06-20T02:00:00Z,987654321098,765432109876,AWS,7.861764,9.669402,USD,arn:aws:elastic-load-balancing:us-east-1:765432109876:resource/res-00020-01,Amazon Elastic Load Balancing,qa
Support Fee,2026-06-20T03:00:00Z,2026-06-20T04:00:00Z,987654321098,876543210987,AWS,5.891284,7.331196,USD,arn:aws:support:us-east-1:876543210987:resource/res-00020-02,AWS Support (Business),production
USE1-TimedStorage-ByteHrs,2026-06-20T06:00:00Z,2026-06-20T07:00:00Z,111122223333,444455556666,AWS,24.269195,28.399767,USD,arn:aws:s3:us-east-1:444455556666:resource/res-00020-03,Amazon Simple Storage Service,staging
USE1-BoxUsage:t3.medium,2026-06-20T09:00:00Z,2026-06-20T10:00:00Z,123456789012,234567890123,AWS,31.153129,37.581531,USD,arn:aws:ec2:us-east-1:234567890123:resource/res-00020-04,Amazon Elastic Compute Cloud,development
USE1-DataTransfer-Out-Bytes,2026-06-20T13:00:00Z,2026-06-20T14:00:00Z,123456789012,345678901234,AWS,7.651169,8.944774,USD,arn:aws:cloudfront:us-east-1:345678901234:resource/res-00020-05,Amazon CloudFront,qa
USE1-ReadRequestUnits,2026-06-20T16:00:00Z,2026-06-20T17:00:00Z,987654321098,765432109876,AWS,12.18217,15.523889,USD,arn:aws:dynamodb:us-east-1:765432109876:resource/res-00020-06,Amazon DynamoDB,production
USE1-Request,2026-06-20T19:00:00Z,2026-06-20T20:00:00Z,987654321098,876543210987,AWS,14.003019,16.255669,USD,arn:aws:lambda:us-east-1:876543210987:resource/res-00020-07,AWS Lambda,staging
USE1-Request,2026-06-20T21:00:00Z,2026-06-20T22:00:00Z,111122223333,444455556666,AWS,12.916867,15.80561,USD,arn:aws:lambda:us-east-1:444455556666:resource/res-00020-08,AWS Lambda,development
USE1-ReadRequestUnits,2026-06-20T22:00:00Z,2026-06-20T23:00:00Z,123456789012,234567890123,AWS,10.542232,12.786815,USD,arn:aws:dynamodb:us-east-1:234567890123:resource/res-00020-09,Amazon DynamoDB,qa
USE1-InstanceUsage:db.t3.medium,2026-06-20T23:00:00Z,2026-06-21T00:00:00Z,123456789012,345678901234,AWS,15.969809,18.296369,USD,arn:aws:rds:us-east-1:345678901234:resource/res-00020-10,Amazon Relational Database Service,production
USE1-BoxUsage:t3.medium,2026-06-21T01:00:00Z,2026-06-21T02:00:00Z,111122223333,444455556666,AWS,37.212969,47.386151,USD,arn:aws:ec2:us-east-1:444455556666:resource/res-00021-01,Amazon Elastic Compute Cloud,production
USE1-DataTransfer-Out-Bytes,2026-06-21T03:00:00Z,2026-06-21T04:00:00Z,123456789012,234567890123,AWS,7.511584,8.878485,USD,arn:aws:cloudfront:us-east-1:234567890123:resource/res-00021-02,Amazon CloudFront,staging
USE1-LCUUsage,2026-06-21T06:00:00Z,2026-06-21T07:00:00Z,123456789012,345678901234,AWS,8.695038,9.799506,USD,arn:aws:elastic-load-balancing:us-east-1:345678901234:resource/res-00021-03,Amazon Elastic Load Balancing,development
USE1-InstanceUsage:db.t3.medium,2026-06-21T09:00:00Z,2026-06-21T10:00:00Z,987654321098,765432109876,AWS,20.218123,23.851572,USD,arn:aws:rds:us-east-1:765432109876:resource/res-00021-04,Amazon Relational Database Service,qa
USE1-Request,2026-06-21T13:00:00Z,2026-06-21T14:00:00Z,987654321098,876543210987,AWS,12.664567,14.401678,USD,arn:aws:lambda:us-east-1:876543210987:resource/res-00021-05,AWS Lambda,production
USE1-DataTransfer-Out-Bytes,2026-06-21T16:00:00Z,2026-06-21T17:00:00Z,111122223333,444455556666,AWS,7.16986,9.022819,USD,arn:aws:cloudfront:us-east-1:444455556666:resource/res-00021-06,Amazon CloudFront,staging
USE1-TimedStorage-ByteHrs,2026-06-21T19:00:00Z,2026-06-21T20:00:00Z,123456789012,234567890123,AWS,18.010891,20.698023,USD,arn:aws:s3:us-east-1:234567890123:resource/res-00021-07,Amazon Simple Storage Service,development
Support Fee,2026-06-21T21:00:00Z,2026-06-21T22:00:00Z,123456789012,345678901234,AWS,6.800926,8.083412,USD,arn:aws:support:us-east-1:345678901234:resource/res-00021-08,AWS Support (Business),qa
USE1-ReadRequestUnits,2026-06-21T22:00:00Z,2026-06-21T23:00:00Z,987654321098,765432109876,AWS,11.36532,13.514102,USD,arn:aws:dynamodb:us-east-1:765432109876:resource/res-00021-09,Amazon DynamoDB,production
USE1-ReadRequestUnits,2026-06-21T23:00:00Z,2026-06-22T00:00:00Z,987654321098,876543210987,AWS,9.683712,11.143988,USD,arn:aws:dynamodb:us-east-1:876543210987:resource/res-00021-10,Amazon DynamoDB,staging
USE1-Request,2026-06-22T01:00:00Z,2026-06-22T02:00:00Z,123456789012,345678901234,AWS,11.057626,13.229724,USD,arn:aws:lambda:us-east-1:345678901234:resource/res-00022-01,AWS Lambda,staging
USE1-ReadRequestUnits,2026-06-22T03:00:00Z,2026-06-22T04:00:00Z,987654321098,765432109876,AWS,9.443459,11.779993,USD,arn:aws:dynamodb:us-east-1:765432109876:resource/res-00022-02,Amazon DynamoDB,development
Support Fee,2026-06-22T06:00:00Z,2026-06-22T07:00:00Z,987654321098,876543210987,AWS,6.712849,8.285931,USD,arn:aws:support:us-east-1:876543210987:resource/res-00022-03,AWS Support (Business),qa
USE1-DataTransfer-Out-Bytes,2026-06-22T09:00:00Z,2026-06-22T10:00:00Z,111122223333,444455556666,AWS,9.20382,10.960733,USD,arn:aws:cloudfront:us-east-1:444455556666:resource/res-00022-04,Amazon CloudFront,production
USE1-LCUUsage,2026-06-22T13:00:00Z,2026-06-22T14:00:00Z,123456789012,234567890123,AWS,9.27006,11.16223,USD,arn:aws:elastic-load-balancing:us-east-1:234567890123:resource/res-00022-05,Amazon Elastic Load Balancing,staging
USE1-InstanceUsage:db.t3.medium,2026-06-22T16:00:00Z,2026-06-22T17:00:00Z,123456789012,345678901234,AWS,20.143327,23.474217,USD,arn:aws:rds:us-east-1:345678901234:resource/res-00022-06,Amazon Relational Database Service,development
USE1-LCUUsage,2026-06-22T19:00:00Z,2026-06-22T20:00:00Z,987654321098,765432109876,AWS,8.136166,9.723809,USD,arn:aws:elastic-load-balancing:us-east-1:765432109876:resource/res-00022-07,Amazon Elastic Load Balancing,qa
USE1-BoxUsage:t3.medium,2026-06-22T21:00:00Z,2026-06-22T22:00:00Z,987654321098,876543210987,AWS,29.440477,34.570346,USD,arn:aws:ec2:us-east-1:876543210987:resource/res-00022-08,Amazon Elastic Compute Cloud,production
USE1-DataTransfer-Out-Bytes,2026-06-22T22:00:00Z,2026-06-22T23:00:00Z,111122223333,444455556666,AWS,9.23791,11.189495,USD,arn:aws:cloudfront:us-east-1:444455556666:resource/res-00022-09,Amazon CloudFront,staging
USE1-TimedStorage-ByteHrs,2026-06-22T23:00:00Z,2026-06-23T00:00:00Z,123456789012,234567890123,AWS Marketplace,17.923179,20.882218,USD,arn:aws:s3:us-east-1:234567890123:resource/res-00022-10,Amazon Simple Storage Service,development
USE1-DataTransfer-Out-Bytes,2026-06-23T01:00:00Z,2026-06-23T02:00:00Z,987654321098,876543210987,AWS,7.956562,9.732812,USD,arn:aws:cloudfront:us-east-1:876543210987:resource/res-00023-01,Amazon CloudFront,development
USE1-ReadRequestUnits,2026-06-23T03:00:00Z,2026-06-23T04:00:00Z,111122223333,444455556666,AWS,11.208566,14.255415,USD,arn:aws:dynamodb:us-east-1:444455556666:resource/res-00023-02,Amazon DynamoDB,qa
Support Fee,2026-06-23T06:00:00Z,2026-06-23T07:00:00Z,123456789012,234567890123,AWS,7.972418,9.459831,USD,arn:aws:support:us-east-1:234567890123:resource/res-00023-03,AWS Support (Business),production
USE1-LCUUsage,2026-06-23T09:00:00Z,2026-06-23T10:00:00Z,123456789012,345678901234,AWS,9.201779,11.573701,USD,arn:aws:elastic-load-balancing:us-east-1:345678901234:resource/res-00023-04,Amazon Elastic Load Balancing,staging
USE1-BoxUsage:t3.medium,2026-06-23T13:00:00Z,2026-06-23T14:00:00Z,987654321098,765432109876,AWS,37.293318,47.305506,USD,arn:aws:ec2:us-east-1:765432109876:resource/res-00023-05,Amazon Elastic Compute Cloud,development
USE1-Request,2026-06-23T16:00:00Z,2026-06-23T17:00:00Z,987654321098,876543210987,AWS,13.302497,16.645777,USD,arn:aws:lambda:us-east-1:876543210987:resource/res-00023-06,AWS Lambda,qa
USE1-LCUUsage,2026-06-23T19:00:00Z,2026-06-23T20:00:00Z,111122223333,444455556666,AWS,7.416282,9.108591,USD,arn:aws:elastic-load-balancing:us-east-1:444455556666:resource/res-00023-07,Amazon Elastic Load Balancing,production
USE1-InstanceUsage:db.t3.medium,2026-06-23T21:00:00Z,2026-06-23T22:00:00Z,123456789012,234567890123,AWS,18.50346,22.178533,USD,arn:aws:rds:us-east-1:234567890123:resource/res-00023-08,Amazon Relational Database Service,staging
Support Fee,2026-06-23T22:00:00Z,2026-06-23T23:00:00Z,123456789012,345678901234,AWS,7.537415,9.569978,USD,arn:aws:support:us-east-1:345678901234:resource/res-00023-09,AWS Support (Business),development
USE1-TimedStorage-ByteHrs,2026-06-23T23:00:00Z,2026-06-24T00:00:00Z,987654321098,765432109876,AWS,26.067098,30.171278,USD,arn:aws:s3:us-east-1:765432109876:resource/res-00023-10,Amazon Simple Storage Service,qa
USE1-BoxUsage:t3.medium,2026-06-24T01:00:00Z,2026-06-24T02:00:00Z,123456789012,234567890123,AWS,36.318856,46.165909,USD,arn:aws:ec2:us-east-1:234567890123:resource/res-00024-01,Amazon Elastic Compute Cloud,qa
USE1-ReadRequestUnits,2026-06-24T03:00:00Z,2026-06-24T04:00:00Z,123456789012,345678901234,AWS,11.341895,14.048418,USD,arn:aws:dynamodb:us-east-1:345678901234:resource/res-00024-02,Amazon DynamoDB,production
USE1-TimedStorage-ByteHrs,2026-06-24T06:00:00Z,2026-06-24T07:00:00Z,987654321098,765432109876,AWS,19.44277,23.311786,USD,arn:aws:s3:us-east-1:765432109876:resource/res-00024-03,Amazon Simple Storage Service,staging
USE1-LCUUsage,2026-06-24T09:00:00Z,2026-06-24T10:00:00Z,987654321098,876543210987,AWS,9.918646,12.51304,USD,arn:aws:elastic-load-balancing:us-east-1:876543210987:resource/res-00024-04,Amazon Elastic Load Balancing,development
USE1-Request,2026-06-24T13:00:00Z,2026-06-24T14:00:00Z,111122223333,444455556666,AWS,16.053596,17.994891,USD,arn:aws:lambda:us-east-1:444455556666:resource/res-00024-05,AWS Lambda,qa
USE1-DataTransfer-Out-Bytes,2026-06-24T16:00:00Z,2026-06-24T17:00:00Z,123456789012,234567890123,AWS,9.592738,10.768607,USD,arn:aws:cloudfront:us-east-1:234567890123:resource/res-00024-06,Amazon CloudFront,production
Support Fee,2026-06-24T19:00:00Z,2026-06-24T20:00:00Z,123456789012,345678901234,AWS,6.821595,8.312881,USD,arn:aws:support:us-east-1:345678901234:resource/res-00024-07,AWS Support (Business),staging
Support Fee,2026-06-24T21:00:00Z,2026-06-24T22:00:00Z,987654321098,765432109876,AWS,8.432754,10.416214,USD,arn:aws:support:us-east-1:765432109876:resource/res-00024-08,AWS Support (Business),development
USE1-InstanceUsage:db.t3.medium,2026-06-24T22:00:00Z,2026-06-24T23:00:00Z,987654321098,876543210987,AWS,22.259757,27.365601,USD,arn:aws:rds:us-east-1:876543210987:resource/res-00024-09,Amazon Relational Database Service,qa
USE1-BoxUsage:t3.medium,2026-06-24T23:00:00Z,2026-06-25T00:00:00Z,111122223333,444455556666,AWS,46.159781,51.819736,USD,arn:aws:ec2:us-east-1:444455556666:resource/res-00024-10,Amazon Elastic Compute Cloud,production
USE1-ReadRequestUnits,2026-06-25T01:00:00Z,2026-06-25T02:00:00Z,987654321098,765432109876,AWS,10.336123,12.986365,USD,arn:aws:dynamodb:us-east-1:765432109876:resource/res-00025-01,Amazon DynamoDB,production
USE1-Request,2026-06-25T03:00:00Z,2026-06-25T04:00:00Z,987654321098,876543210987,AWS,13.814036,15.884847,USD,arn:aws:lambda:us-east-1:876543210987:resource/res-00025-02,AWS Lambda,staging
USE1-InstanceUsage:db.t3.medium,2026-06-25T06:00:00Z,2026-06-25T07:00:00Z,111122223333,444455556666,AWS,21.681128,25.290877,USD,arn:aws:rds:us-east-1:444455556666:resource/res-00025-03,Amazon Relational Database Service,development
USE1-BoxUsage:t3.medium,2026-06-25T09:00:00Z,2026-06-25T10:00:00Z,123456789012,234567890123,AWS,42.19334,48.904497,USD,arn:aws:ec2:us-east-1:234567890123:resource/res-00025-04,Amazon Elastic Compute Cloud,qa
USE1-DataTransfer-Out-Bytes,2026-06-25T13:00:00Z,2026-06-25T14:00:00Z,123456789012,345678901234,AWS,9.210347,10.812915,USD,arn:aws:cloudfront:us-east-1:345678901234:resource/res-00025-05,Amazon CloudFront,production
USE1-BoxUsage:t3.medium,2026-06-25T16:00:00Z,2026-06-25T17:00:00Z,987654321098,765432109876,AWS,31.772883,39.868692,USD,arn:aws:ec2:us-east-1:765432109876:resource/res-00025-06,Amazon Elastic Compute Cloud,staging
Support Fee,2026-06-25T19:00:00Z,2026-06-25T20:00:00Z,987654321098,876543210987,AWS,7.064646,7.966808,USD,arn:aws:support:us-east-1:876543210987:resource/res-00025-07,AWS Support (Business),development
USE1-TimedStorage-ByteHrs,2026-06-25T21:00:00Z,2026-06-25T22:00:00Z,111122223333,444455556666,AWS,19.569017,23.985678,USD,arn:aws:s3:us-east-1:444455556666:resource/res-00025-08,Amazon Simple Storage Service,qa
USE1-LCUUsage,2026-06-25T22:00:00Z,2026-06-25T23:00:00Z,123456789012,234567890123,AWS,9.123348,11.631438,USD,arn:aws:elastic-load-balancing:us-east-1:234567890123:resource/res-00025-09,Amazon Elastic Load Balancing,production
USE1-TimedStorage-ByteHrs,2026-06-25T23:00:00Z,2026-06-26T00:00:00Z,123456789012,345678901234,AWS,20.046387,23.568492,USD,arn:aws:s3:us-east-1:345678901234:resource/res-00025-10,Amazon Simple Storage Service,staging
USE1-TimedStorage-ByteHrs,2026-06-26T01:00:00Z,2026-06-26T02:00:00Z,111122223333,444455556666,AWS,25.848863,30.750832,USD,arn:aws:s3:us-east-1:444455556666:resource/res-00026-01,Amazon Simple Storage Service,staging
USE1-InstanceUsage:db.t3.medium,2026-06-26T03:00:00Z,2026-06-26T04:00:00Z,123456789012,234567890123,AWS,17.531762,20.497138,USD,arn:aws:rds:us-east-1:234567890123:resource/res-00026-02,Amazon Relational Database Service,development
Support Fee,2026-06-26T06:00:00Z,2026-06-26T07:00:00Z,123456789012,345678901234,AWS,6.963245,7.970442,USD,arn:aws:support:us-east-1:345678901234:resource/res-00026-03,AWS Support (Business),qa
USE1-LCUUsage,2026-06-26T09:00:00Z,2026-06-26T10:00:00Z,987654321098,765432109876,AWS,7.696033,9.102566,USD,arn:aws:elastic-load-balancing:us-east-1:765432109876:resource/res-00026-04,Amazon Elastic Load Balancing,production
USE1-TimedStorage-ByteHrs,2026-06-26T13:00:00Z,2026-06-26T14:00:00Z,987654321098,876543210987,AWS,24.058757,28.046994,USD,arn:aws:s3:us-east-1:876543210987:resource/res-00026-05,Amazon Simple Storage Service,staging
USE1-ReadRequestUnits,2026-06-26T16:00:00Z,2026-06-26T17:00:00Z,111122223333,444455556666,AWS,10.85113,13.756525,USD,arn:aws:dynamodb:us-east-1:444455556666:resource/res-00026-06,Amazon DynamoDB,development
USE1-DataTransfer-Out-Bytes,2026-06-26T19:00:00Z,2026-06-26T20:00:00Z,123456789012,234567890123,AWS,10.04005,12.014401,USD,arn:aws:cloudfront:us-east-1:234567890123:resource/res-00026-07,Amazon CloudFront,qa
USE1-InstanceUsage:db.t3.medium,2026-06-26T21:00:00Z,2026-06-26T22:00:00Z,123456789012,345678901234,AWS,17.326459,21.773238,USD,arn:aws:rds:us-east-1:345678901234:resource/res-00026-08,Amazon Relational Database Service,production
USE1-BoxUsage:t3.medium,2026-06-26T22:00:00Z,2026-06-26T23:00:00Z,987654321098,765432109876,AWS,35.495334,41.282642,USD,arn:aws:ec2:us-east-1:765432109876:resource/res-00026-09,Amazon Elastic Compute Cloud,staging
USE1-Request,2026-06-26T23:00:00Z,2026-06-27T00:00:00Z,987654321098,876543210987,AWS,15.10954,18.053409,USD,arn:aws:lambda:us-east-1:876543210987:resource/res-00026-10,AWS Lambda,development
USE1-Request,2026-06-27T01:00:00Z,2026-06-27T02:00:00Z,123456789012,345678901234,AWS,11.286438,13.54335,USD,arn:aws:lambda:us-east-1:345678901234:resource/res-00027-01,AWS Lambda,development
USE1-InstanceUsage:db.t3.medium,2026-06-27T03:00:00Z,2026-06-27T04:00:00Z,987654321098,765432109876,AWS,19.686062,24.350446,USD,arn:aws:rds:us-east-1:765432109876:resource/res-00027-02,Amazon Relational Database Service,qa
Support Fee,2026-06-27T06:00:00Z,2026-06-27T07:00:00Z,987654321098,876543210987,AWS,7.264376,8.61826,USD,arn:aws:support:us-east-1:876543210987:resource/res-00027-03,AWS Support (Business),production
USE1-Request,2026-06-27T09:00:00Z,2026-06-27T10:00:00Z,111122223333,444455556666,AWS,14.202526,17.305705,USD,arn:aws:lambda:us-east-1:444455556666:resource/res-00027-04,AWS Lambda,staging
USE1-LCUUsage,2026-06-27T13:00:00Z,2026-06-27T14:00:00Z,123456789012,234567890123,AWS,9.102385,11.447439,USD,arn:aws:elastic-load-balancing:us-east-1:234567890123:resource/res-00027-05,Amazon Elastic Load Balancing,development
USE1-ReadRequestUnits,2026-06-27T16:00:00Z,2026-06-27T17:00:00Z,123456789012,345678901234,AWS,12.773245,14.5894,USD,arn:aws:dynamodb:us-east-1:345678901234:resource/res-00027-06,Amazon DynamoDB,qa
USE1-TimedStorage-ByteHrs,2026-06-27T19:00:00Z,2026-06-27T20:00:00Z,987654321098,765432109876,AWS,22.591209,25.531229,USD,arn:aws:s3:us-east-1:765432109876:resource/res-00027-07,Amazon Simple Storage Service,production
USE1-BoxUsage:t3.medium,2026-06-27T21:00:00Z,2026-06-27T22:00:00Z,987654321098,876543210987,AWS,35.472023,44.945031,USD,arn:aws:ec2:us-east-1:876543210987:resource/res-00027-08,Amazon Elastic Compute Cloud,staging
USE1-InstanceUsage:db.t3.medium,2026-06-27T22:00:00Z,2026-06-27T23:00:00Z,111122223333,444455556666,AWS,18.765377,22.135389,USD,arn:aws:rds:us-east-1:444455556666:resource/res-00027-09,Amazon Relational Database Service,development
USE1-DataTransfer-Out-Bytes,2026-06-27T23:00:00Z,2026-06-28T00:00:00Z,123456789012,234567890123,AWS,6.755133,8.56451,USD,arn:aws:cloudfront:us-east-1:234567890123:resource/res-00027-10,Amazon CloudFront,qa
USE1-TimedStorage-ByteHrs,2026-06-28T01:00:00Z,2026-06-28T02:00:00Z,987654321098,876543210987,AWS,23.056709,25.890346,USD,arn:aws:s3:us-east-1:876543210987:resource/res-00028-01,Amazon Simple Storage Service,qa
USE1-ReadRequestUnits,2026-06-28T03:00:00Z,2026-06-28T04:00:00Z,111122223333,444455556666,AWS,10.787014,12.643236,USD,arn:aws:dynamodb:us-east-1:444455556666:resource/res-00028-02,Amazon DynamoDB,production
USE1-LCUUsage,2026-06-28T06:00:00Z,2026-06-28T07:00:00Z,123456789012,234567890123,AWS,7.872373,9.623439,USD,arn:aws:elastic-load-balancing:us-east-1:234567890123:resource/res-00028-03,Amazon Elastic Load Balancing,staging
Support Fee,2026-06-28T09:00:00Z,2026-06-28T10:00:00Z,123456789012,345678901234,AWS,7.559481,8.765431,USD,arn:aws:support:us-east-1:345678901234:resource/res-00028-04,AWS Support (Business),development
USE1-InstanceUsage:db.t3.medium,2026-06-28T13:00:00Z,2026-06-28T14:00:00Z,987654321098,765432109876,AWS,20.019403,23.563668,USD,arn:aws:rds:us-east-1:765432109876:resource/res-00028-05,Amazon Relational Database Service,qa
USE1-Request,2026-06-28T16:00:00Z,2026-06-28T17:00:00Z,987654321098,876543210987,AWS,11.843132,13.401665,USD,arn:aws:lambda:us-east-1:876543210987:resource/res-00028-06,AWS Lambda,production
USE1-ReadRequestUnits,2026-06-28T19:00:00Z,2026-06-28T20:00:00Z,111122223333,444455556666,AWS,14.891755,16.617972,USD,arn:aws:dynamodb:us-east-1:444455556666:resource/res-00028-07,Amazon DynamoDB,staging
USE1-Request,2026-06-28T21:00:00Z,2026-06-28T22:00:00Z,123456789012,234567890123,AWS,13.78215,16.379605,USD,arn:aws:lambda:us-east-1:234567890123:resource/res-00028-08,AWS Lambda,development
USE1-DataTransfer-Out-Bytes,2026-06-28T22:00:00Z,2026-06-28T23:00:00Z,123456789012,345678901234,AWS,9.111272,10.745199,USD,arn:aws:cloudfront:us-east-1:345678901234:resource/res-00028-09,Amazon CloudFront,qa
USE1-BoxUsage:t3.medium,2026-06-28T23:00:00Z,2026-06-29T00:00:00Z,987654321098,765432109876,AWS,41.821742,52.145558,USD,arn:aws:ec2:us-east-1:765432109876:resource/res-00028-10,Amazon Elastic Compute Cloud,production
USE1-BoxUsage:t3.medium,2026-06-29T01:00:00Z,2026-06-29T02:00:00Z,123456789012,234567890123,AWS,37.330556,47.132868,USD,arn:aws:ec2:us-east-1:234567890123:resource/res-00029-01,Amazon Elastic Compute Cloud,production
USE1-ReadRequestUnits,2026-06-29T03:00:00Z,2026-06-29T04:00:00Z,123456789012,345678901234,AWS,11.018478,13.045171,USD,arn:aws:dynamodb:us-east-1:345678901234:resource/res-00029-02,Amazon DynamoDB,staging
USE1-DataTransfer-Out-Bytes,2026-06-29T06:00:00Z,2026-06-29T07:00:00Z,987654321098,765432109876,AWS,11.465549,13.037836,USD,arn:aws:cloudfront:us-east-1:765432109876:resource/res-00029-03,Amazon CloudFront,development
USE1-ReadRequestUnits,2026-06-29T09:00:00Z,2026-06-29T10:00:00Z,987654321098,876543210987,AWS,11.483998,13.038469,USD,arn:aws:dynamodb:us-east-1:876543210987:resource/res-00029-04,Amazon DynamoDB,qa
USE1-TimedStorage-ByteHrs,2026-06-29T13:00:00Z,2026-06-29T14:00:00Z,111122223333,444455556666,AWS,30.311117,33.858688,USD,arn:aws:s3:us-east-1:444455556666:resource/res-00029-05,Amazon Simple Storage Service,production
USE1-InstanceUsage:db.t3.medium,2026-06-29T16:00:00Z,2026-06-29T17:00:00Z,123456789012,234567890123,AWS,20.576327,23.048076,USD,arn:aws:rds:us-east-1:234567890123:resource/res-00029-06,Amazon Relational Database Service,staging
USE1-DataTransfer-Out-Bytes,2026-06-29T19:00:00Z,2026-06-29T20:00:00Z,123456789012,345678901234,AWS,8.612547,10.416917,USD,arn:aws:cloudfront:us-east-1:345678901234:resource/res-00029-07,Amazon CloudFront,development
Support Fee,2026-06-29T21:00:00Z,2026-06-29T22:00:00Z,987654321098,765432109876,AWS,7.84086,9.418549,USD,arn:aws:support:us-east-1:765432109876:resource/res-00029-08,AWS Support (Business),qa
USE1-LCUUsage,2026-06-29T22:00:00Z,2026-06-29T23:00:00Z,987654321098,876543210987,AWS,10.020538,12.508519,USD,arn:aws:elastic-load-balancing:us-east-1:876543210987:resource/res-00029-09,Amazon Elastic Load Balancing,production
USE1-Request,2026-06-29T23:00:00Z,2026-06-30T00:00:00Z,111122223333,444455556666,AWS Marketplace,11.386582,14.221559,USD,arn:aws:lambda:us-east-1:444455556666:resource/res-00029-10,AWS Lambda,staging
Support Fee,2026-06-30T01:00:00Z,2026-06-30T02:00:00Z,987654321098,765432109876,AWS,9.286041,11.815073,USD,arn:aws:support:us-east-1:765432109876:resource/res-00030-01,AWS Support (Business),staging
USE1-DataTransfer-Out-Bytes,2026-06-30T03:00:00Z,2026-06-30T04:00:00Z,987654321098,876543210987,AWS,10.166778,12.627009,USD,arn:aws:cloudfront:us-east-1:876543210987:resource/res-00030-02,Amazon CloudFront,development
USE1-InstanceUsage:db.t3.medium,2026-06-30T06:00:00Z,2026-06-30T07:00:00Z,111122223333,444455556666,AWS,21.471466,26.615643,USD,arn:aws:rds:us-east-1:444455556666:resource/res-00030-03,Amazon Relational Database Service,qa
USE1-TimedStorage-ByteHrs,2026-06-30T09:00:00Z,2026-06-30T10:00:00Z,123456789012,234567890123,AWS,29.164607,33.444779,USD,arn:aws:s3:us-east-1:234567890123:resource/res-00030-04,Amazon Simple Storage Service,production
USE1-Request,2026-06-30T13:00:00Z,2026-06-30T14:00:00Z,123456789012,345678901234,AWS,15.834142,18.397332,USD,arn:aws:lambda:us-east-1:345678901234:resource/res-00030-05,AWS Lambda,staging
USE1-LCUUsage,2026-06-30T16:00:00Z,2026-06-30T17:00:00Z,987654321098,765432109876,AWS,10.064122,11.271034,USD,arn:aws:elastic-load-balancing:us-east-1:765432109876:resource/res-00030-06,Amazon Elastic Load Balancing,development
USE1-ReadRequestUnits,2026-06-30T19:00:00Z,2026-06-30T20:00:00Z,987654321098,876543210987,AWS,14.433127,16.142106,USD,arn:aws:dynamodb:us-east-1:876543210987:resource/res-00030-07,Amazon DynamoDB,qa
USE1-BoxUsage:t3.medium,2026-06-30T21:00:00Z,2026-06-30T22:00:00Z,111122223333,444455556666,AWS,39.468166,48.426165,USD,arn:aws:ec2:us-east-1:444455556666:resource/res-00030-08,Amazon Elastic Compute Cloud,production
USE1-DataTransfer-Out-Bytes,2026-06-30T22:00:00Z,2026-06-30T23:00:00Z,123456789012,234567890123,AWS,11.621082,14.284999,USD,arn:aws:cloudfront:us-east-1:234567890123:resource/res-00030-09,Amazon CloudFront,staging
USE1-LCUUsage,2026-06-30T23:00:00Z,2026-07-01T00:00:00Z,123456789012,345678901234,AWS,9.888909999999662,12.414676999999873,USD,arn:aws:elastic-load-balancing:us-east-1:345678901234:resource/res-00030-10,Amazon Elastic Load Balancing,development
